folder,file,masalah,canonical
.,(sitemap.xml),URL masih .html,https://buatwebsitemurah.com/jasa-website-adimulyo-kebumen.html
.,(sitemap.xml),URL masih .html,https://buatwebsitemurah.com/jasa-website-adipala-cilacap.html
.,(sitemap.xml),URL masih .html,https://buatwebsitemurah.com/jasa-website-ajibarang-banyumas.html
.,(sitemap.xml),URL masih .html,https://buatwebsitemurah.com/jasa-website-ajung-jember.html
.,(sitemap.xml),URL masih .html,https://buatwebsitemurah.com/jasa-website-akuntan.html
.,(sitemap.xml),URL masih .html,https://buatwebsitemurah.com/jasa-website-alian-kebumen.html
.,(sitemap.xml),URL masih .html,https://buatwebsitemurah.com/jasa-website-aluh-aluh-banjar.html
.,(sitemap.xml),URL masih .html,https://buatwebsitemurah.com/jasa-website-ambal-kebumen.html
.,(sitemap.xml),URL masih .html,https://buatwebsitemurah.com/jasa-website-ambulu-jember.html
.,(sitemap.xml),URL masih .html,https://buatwebsitemurah.com/jasa-website-ampel-boyolali.html
.,(sitemap.xml),URL masih .html,https://buatwebsitemurah.com/jasa-website-ampelgading-malang.html
.,(sitemap.xml),URL masih .html,https://buatwebsitemurah.com/jasa-website-andong-boyolali.html
.,(sitemap.xml),URL masih .html,https://buatwebsitemurah.com/jasa-website-anggana-kutai-kartanegara.html
.,(sitemap.xml),URL masih .html,https://buatwebsitemurah.com/jasa-website-anyar-serang.html
.,(sitemap.xml),URL masih .html,https://buatwebsitemurah.com/jasa-website-apotek.html
.,(sitemap.xml),URL masih .html,https://buatwebsitemurah.com/jasa-website-aqiqah.html
.,(sitemap.xml),URL masih .html,https://buatwebsitemurah.com/jasa-website-aranio-banjar.html
.,(sitemap.xml),URL masih .html,https://buatwebsitemurah.com/jasa-website-arjasa-jember.html
.,(sitemap.xml),URL masih .html,https://buatwebsitemurah.com/jasa-website-arjasari-bandung.html
.,(sitemap.xml),URL masih .html,https://buatwebsitemurah.com/jasa-website-arjawinangun-cirebon.html
.,(sitemap.xml),URL masih .html,https://buatwebsitemurah.com/jasa-website-astambul-banjar.html
.,(sitemap.xml),URL masih .html,https://buatwebsitemurah.com/jasa-website-astanajapura-cirebon.html
.,(sitemap.xml),URL masih .html,https://buatwebsitemurah.com/jasa-website-ayah-kebumen.html
.,(sitemap.xml),URL masih .html,https://buatwebsitemurah.com/jasa-website-babakan-cirebon.html
.,(sitemap.xml),URL masih .html,https://buatwebsitemurah.com/jasa-website-babakan-madang-bogor.html
.,(sitemap.xml),URL masih .html,https://buatwebsitemurah.com/jasa-website-babelan-bekasi.html
.,(sitemap.xml),URL masih .html,https://buatwebsitemurah.com/jasa-website-bajeng-barat-gowa.html
.,(sitemap.xml),URL masih .html,https://buatwebsitemurah.com/jasa-website-bajeng-gowa.html
.,(sitemap.xml),URL masih .html,https://buatwebsitemurah.com/jasa-website-balaraja-tangerang.html
.,(sitemap.xml),URL masih .html,https://buatwebsitemurah.com/jasa-website-baleendah-bandung.html
.,(sitemap.xml),URL masih .html,https://buatwebsitemurah.com/jasa-website-balongbendo-sidoarjo.html
.,(sitemap.xml),URL masih .html,https://buatwebsitemurah.com/jasa-website-balongpanggang-gresik.html
.,(sitemap.xml),URL masih .html,https://buatwebsitemurah.com/jasa-website-balubur-limbangan-garut.html
.,(sitemap.xml),URL masih .html,https://buatwebsitemurah.com/jasa-website-balung-jember.html
.,(sitemap.xml),URL masih .html,https://buatwebsitemurah.com/jasa-website-bambanglipuro-bantul.html
.,(sitemap.xml),URL masih .html,https://buatwebsitemurah.com/jasa-website-bandung-serang.html
.,(sitemap.xml),URL masih .html,https://buatwebsitemurah.com/jasa-website-bandung.html
.,(sitemap.xml),URL masih .html,https://buatwebsitemurah.com/jasa-website-bangil-pasuruan.html
.,(sitemap.xml),URL masih .html,https://buatwebsitemurah.com/jasa-website-bangkinang-kampar.html
.,(sitemap.xml),URL masih .html,https://buatwebsitemurah.com/jasa-website-bangkinang-kota-kampar.html
.,(sitemap.xml),URL masih .html,https://buatwebsitemurah.com/jasa-website-bangsal-mojokerto.html
.,(sitemap.xml),URL masih .html,https://buatwebsitemurah.com/jasa-website-bangsalsari-jember.html
.,(sitemap.xml),URL masih .html,https://buatwebsitemurah.com/jasa-website-bangun-purba-deli-serdang.html
.,(sitemap.xml),URL masih .html,https://buatwebsitemurah.com/jasa-website-banguntapan-bantul.html
.,(sitemap.xml),URL masih .html,https://buatwebsitemurah.com/jasa-website-banjar.html
.,(sitemap.xml),URL masih .html,https://buatwebsitemurah.com/jasa-website-banjaran-bandung.html
.,(sitemap.xml),URL masih .html,https://buatwebsitemurah.com/jasa-website-banjarwangi-garut.html
.,(sitemap.xml),URL masih .html,https://buatwebsitemurah.com/jasa-website-bantargadung-sukabumi.html
.,(sitemap.xml),URL masih .html,https://buatwebsitemurah.com/jasa-website-bantarsari-cilacap.html
.,(sitemap.xml),URL masih .html,https://buatwebsitemurah.com/jasa-website-bantul-bantul.html
.,(sitemap.xml),URL masih .html,https://buatwebsitemurah.com/jasa-website-bantul.html
.,(sitemap.xml),URL masih .html,https://buatwebsitemurah.com/jasa-website-bantur-malang.html
.,(sitemap.xml),URL masih .html,https://buatwebsitemurah.com/jasa-website-banyudono-boyolali.html
.,(sitemap.xml),URL masih .html,https://buatwebsitemurah.com/jasa-website-banyumas-banyumas.html
.,(sitemap.xml),URL masih .html,https://buatwebsitemurah.com/jasa-website-banyumas.html
.,(sitemap.xml),URL masih .html,https://buatwebsitemurah.com/jasa-website-banyuresmi-garut.html
.,(sitemap.xml),URL masih .html,https://buatwebsitemurah.com/jasa-website-banyusari-karawang.html
.,(sitemap.xml),URL masih .html,https://buatwebsitemurah.com/jasa-website-barbershop.html
.,(sitemap.xml),URL masih .html,https://buatwebsitemurah.com/jasa-website-barombong-gowa.html
.,(sitemap.xml),URL masih .html,https://buatwebsitemurah.com/jasa-website-baros-serang.html
.,(sitemap.xml),URL masih .html,https://buatwebsitemurah.com/jasa-website-batang-kuis-deli-serdang.html
.,(sitemap.xml),URL masih .html,https://buatwebsitemurah.com/jasa-website-batu-ampar-kubu-raya.html
.,(sitemap.xml),URL masih .html,https://buatwebsitemurah.com/jasa-website-batujaya-karawang.html
.,(sitemap.xml),URL masih .html,https://buatwebsitemurah.com/jasa-website-baturaden-banyumas.html
.,(sitemap.xml),URL masih .html,https://buatwebsitemurah.com/jasa-website-bayat-klaten.html
.,(sitemap.xml),URL masih .html,https://buatwebsitemurah.com/jasa-website-bayongbong-garut.html
.,(sitemap.xml),URL masih .html,https://buatwebsitemurah.com/jasa-website-beber-cirebon.html
.,(sitemap.xml),URL masih .html,https://buatwebsitemurah.com/jasa-website-beji-depok.html
.,(sitemap.xml),URL masih .html,https://buatwebsitemurah.com/jasa-website-beji-pasuruan.html
.,(sitemap.xml),URL masih .html,https://buatwebsitemurah.com/jasa-website-bekasi.html
.,(sitemap.xml),URL masih .html,https://buatwebsitemurah.com/jasa-website-bengkel-las.html
.,(sitemap.xml),URL masih .html,https://buatwebsitemurah.com/jasa-website-bengkel.html
.,(sitemap.xml),URL masih .html,https://buatwebsitemurah.com/jasa-website-benjeng-gresik.html
.,(sitemap.xml),URL masih .html,https://buatwebsitemurah.com/jasa-website-berbah-sleman.html
.,(sitemap.xml),URL masih .html,https://buatwebsitemurah.com/jasa-website-beringin-deli-serdang.html
.,(sitemap.xml),URL masih .html,https://buatwebsitemurah.com/jasa-website-beruntung-baru-banjar.html
.,(sitemap.xml),URL masih .html,https://buatwebsitemurah.com/jasa-website-bimbel.html
.,(sitemap.xml),URL masih .html,https://buatwebsitemurah.com/jasa-website-binangun-cilacap.html
.,(sitemap.xml),URL masih .html,https://buatwebsitemurah.com/jasa-website-binuang-serang.html
.,(sitemap.xml),URL masih .html,https://buatwebsitemurah.com/jasa-website-biringbulu-gowa.html
.,(sitemap.xml),URL masih .html,https://buatwebsitemurah.com/jasa-website-bogor.html
.,(sitemap.xml),URL masih .html,https://buatwebsitemurah.com/jasa-website-bojonegara-serang.html
.,(sitemap.xml),URL masih .html,https://buatwebsitemurah.com/jasa-website-bojonggede-bogor.html
.,(sitemap.xml),URL masih .html,https://buatwebsitemurah.com/jasa-website-bojonggenteng-sukabumi.html
.,(sitemap.xml),URL masih .html,https://buatwebsitemurah.com/jasa-website-bojongmangu-bekasi.html
.,(sitemap.xml),URL masih .html,https://buatwebsitemurah.com/jasa-website-bojongsari-depok.html
.,(sitemap.xml),URL masih .html,https://buatwebsitemurah.com/jasa-website-bojongsoang-bandung.html
.,(sitemap.xml),URL masih .html,https://buatwebsitemurah.com/jasa-website-bonorowo-kebumen.html
.,(sitemap.xml),URL masih .html,https://buatwebsitemurah.com/jasa-website-bontolempangan-gowa.html
.,(sitemap.xml),URL masih .html,https://buatwebsitemurah.com/jasa-website-bontomarannu-gowa.html
.,(sitemap.xml),URL masih .html,https://buatwebsitemurah.com/jasa-website-bontonompo-gowa.html
.,(sitemap.xml),URL masih .html,https://buatwebsitemurah.com/jasa-website-bontonompo-selatan-gowa.html
.,(sitemap.xml),URL masih .html,https://buatwebsitemurah.com/jasa-website-boyolali-boyolali.html
.,(sitemap.xml),URL masih .html,https://buatwebsitemurah.com/jasa-website-boyolali.html
.,(sitemap.xml),URL masih .html,https://buatwebsitemurah.com/jasa-website-buayan-kebumen.html
.,(sitemap.xml),URL masih .html,https://buatwebsitemurah.com/jasa-website-buduran-sidoarjo.html
.,(sitemap.xml),URL masih .html,https://buatwebsitemurah.com/jasa-website-bululawang-malang.html
.,(sitemap.xml),URL masih .html,https://buatwebsitemurah.com/jasa-website-buluspesantren-kebumen.html
.,(sitemap.xml),URL masih .html,https://buatwebsitemurah.com/jasa-website-bungah-gresik.html
.,(sitemap.xml),URL masih .html,https://buatwebsitemurah.com/jasa-website-bungaya-gowa.html
.,(sitemap.xml),URL masih .html,https://buatwebsitemurah.com/jasa-website-bungbulang-garut.html
.,(sitemap.xml),URL masih .html,https://buatwebsitemurah.com/jasa-website-cabangbungin-bekasi.html
.,(sitemap.xml),URL masih .html,https://buatwebsitemurah.com/jasa-website-candi-sidoarjo.html
.,(sitemap.xml),URL masih .html,https://buatwebsitemurah.com/jasa-website-cangkringan-sleman.html
.,(sitemap.xml),URL masih .html,https://buatwebsitemurah.com/jasa-website-cangkuang-bandung.html
.,(sitemap.xml),URL masih .html,https://buatwebsitemurah.com/jasa-website-carenang-serang.html
.,(sitemap.xml),URL masih .html,https://buatwebsitemurah.com/jasa-website-caringin-bogor.html
.,(sitemap.xml),URL masih .html,https://buatwebsitemurah.com/jasa-website-caringin-garut.html
.,(sitemap.xml),URL masih .html,https://buatwebsitemurah.com/jasa-website-caringin-sukabumi.html
.,(sitemap.xml),URL masih .html,https://buatwebsitemurah.com/jasa-website-cariu-bogor.html
.,(sitemap.xml),URL masih .html,https://buatwebsitemurah.com/jasa-website-catering.html
.,(sitemap.xml),URL masih .html,https://buatwebsitemurah.com/jasa-website-cawas-klaten.html
.,(sitemap.xml),URL masih .html,https://buatwebsitemurah.com/jasa-website-ceper-klaten.html
.,(sitemap.xml),URL masih .html,https://buatwebsitemurah.com/jasa-website-cepogo-boyolali.html
.,(sitemap.xml),URL masih .html,https://buatwebsitemurah.com/jasa-website-cerme-gresik.html
.,(sitemap.xml),URL masih .html,https://buatwebsitemurah.com/jasa-website-ciambar-sukabumi.html
.,(sitemap.xml),URL masih .html,https://buatwebsitemurah.com/jasa-website-ciampea-bogor.html
.,(sitemap.xml),URL masih .html,https://buatwebsitemurah.com/jasa-website-ciampel-karawang.html
.,(sitemap.xml),URL masih .html,https://buatwebsitemurah.com/jasa-website-ciawi-bogor.html
.,(sitemap.xml),URL masih .html,https://buatwebsitemurah.com/jasa-website-cibadak-sukabumi.html
.,(sitemap.xml),URL masih .html,https://buatwebsitemurah.com/jasa-website-cibalong-garut.html
.,(sitemap.xml),URL masih .html,https://buatwebsitemurah.com/jasa-website-cibarusah-bekasi.html
.,(sitemap.xml),URL masih .html,https://buatwebsitemurah.com/jasa-website-cibatu-garut.html
.,(sitemap.xml),URL masih .html,https://buatwebsitemurah.com/jasa-website-cibinong-bogor.html
.,(sitemap.xml),URL masih .html,https://buatwebsitemurah.com/jasa-website-cibitung-bekasi.html
.,(sitemap.xml),URL masih .html,https://buatwebsitemurah.com/jasa-website-cibitung-sukabumi.html
.,(sitemap.xml),URL masih .html,https://buatwebsitemurah.com/jasa-website-cibiuk-garut.html
.,(sitemap.xml),URL masih .html,https://buatwebsitemurah.com/jasa-website-cibuaya-karawang.html
.,(sitemap.xml),URL masih .html,https://buatwebsitemurah.com/jasa-website-cibungbulang-bogor.html
.,(sitemap.xml),URL masih .html,https://buatwebsitemurah.com/jasa-website-cicalengka-bandung.html
.,(sitemap.xml),URL masih .html,https://buatwebsitemurah.com/jasa-website-cicantayan-sukabumi.html
.,(sitemap.xml),URL masih .html,https://buatwebsitemurah.com/jasa-website-cicurug-sukabumi.html
.,(sitemap.xml),URL masih .html,https://buatwebsitemurah.com/jasa-website-cidadap-sukabumi.html
.,(sitemap.xml),URL masih .html,https://buatwebsitemurah.com/jasa-website-cidahu-sukabumi.html
.,(sitemap.xml),URL masih .html,https://buatwebsitemurah.com/jasa-website-cidolog-sukabumi.html
.,(sitemap.xml),URL masih .html,https://buatwebsitemurah.com/jasa-website-ciemas-sukabumi.html
.,(sitemap.xml),URL masih .html,https://buatwebsitemurah.com/jasa-website-cigedug-garut.html
.,(sitemap.xml),URL masih .html,https://buatwebsitemurah.com/jasa-website-cigombong-bogor.html
.,(sitemap.xml),URL masih .html,https://buatwebsitemurah.com/jasa-website-cigudeg-bogor.html
.,(sitemap.xml),URL masih .html,https://buatwebsitemurah.com/jasa-website-cihurip-garut.html
.,(sitemap.xml),URL masih .html,https://buatwebsitemurah.com/jasa-website-cijeruk-bogor.html
.,(sitemap.xml),URL masih .html,https://buatwebsitemurah.com/jasa-website-cikajang-garut.html
.,(sitemap.xml),URL masih .html,https://buatwebsitemurah.com/jasa-website-cikakak-sukabumi.html
.,(sitemap.xml),URL masih .html,https://buatwebsitemurah.com/jasa-website-cikampek-karawang.html
.,(sitemap.xml),URL masih .html,https://buatwebsitemurah.com/jasa-website-cikancung-bandung.html
.,(sitemap.xml),URL masih .html,https://buatwebsitemurah.com/jasa-website-cikande-serang.html
.,(sitemap.xml),URL masih .html,https://buatwebsitemurah.com/jasa-website-cikarang-barat-bekasi.html
.,(sitemap.xml),URL masih .html,https://buatwebsitemurah.com/jasa-website-cikarang-pusat-bekasi.html
.,(sitemap.xml),URL masih .html,https://buatwebsitemurah.com/jasa-website-cikarang-selatan-bekasi.html
.,(sitemap.xml),URL masih .html,https://buatwebsitemurah.com/jasa-website-cikarang-timur-bekasi.html
.,(sitemap.xml),URL masih .html,https://buatwebsitemurah.com/jasa-website-cikarang-utara-bekasi.html
.,(sitemap.xml),URL masih .html,https://buatwebsitemurah.com/jasa-website-cikelet-garut.html
.,(sitemap.xml),URL masih .html,https://buatwebsitemurah.com/jasa-website-cikembar-sukabumi.html
.,(sitemap.xml),URL masih .html,https://buatwebsitemurah.com/jasa-website-cikeusal-serang.html
.,(sitemap.xml),URL masih .html,https://buatwebsitemurah.com/jasa-website-cikidang-sukabumi.html
.,(sitemap.xml),URL masih .html,https://buatwebsitemurah.com/jasa-website-cikupa-tangerang.html
.,(sitemap.xml),URL masih .html,https://buatwebsitemurah.com/jasa-website-cilacap-selatan-cilacap.html
.,(sitemap.xml),URL masih .html,https://buatwebsitemurah.com/jasa-website-cilacap-tengah-cilacap.html
.,(sitemap.xml),URL masih .html,https://buatwebsitemurah.com/jasa-website-cilacap-utara-cilacap.html
.,(sitemap.xml),URL masih .html,https://buatwebsitemurah.com/jasa-website-cilacap.html
.,(sitemap.xml),URL masih .html,https://buatwebsitemurah.com/jasa-website-cilamaya-kulon-karawang.html
.,(sitemap.xml),URL masih .html,https://buatwebsitemurah.com/jasa-website-cilamaya-wetan-karawang.html
.,(sitemap.xml),URL masih .html,https://buatwebsitemurah.com/jasa-website-cilawu-garut.html
.,(sitemap.xml),URL masih .html,https://buatwebsitemurah.com/jasa-website-cilebar-karawang.html
.,(sitemap.xml),URL masih .html,https://buatwebsitemurah.com/jasa-website-ciledug-cirebon.html
.,(sitemap.xml),URL masih .html,https://buatwebsitemurah.com/jasa-website-cilengkrang-bandung.html
.,(sitemap.xml),URL masih .html,https://buatwebsitemurah.com/jasa-website-cileungsi-bogor.html
.,(sitemap.xml),URL masih .html,https://buatwebsitemurah.com/jasa-website-cileunyi-bandung.html
.,(sitemap.xml),URL masih .html,https://buatwebsitemurah.com/jasa-website-cilodong-depok.html
.,(sitemap.xml),URL masih .html,https://buatwebsitemurah.com/jasa-website-cilongok-banyumas.html
.,(sitemap.xml),URL masih .html,https://buatwebsitemurah.com/jasa-website-cimanggis-depok.html
.,(sitemap.xml),URL masih .html,https://buatwebsitemurah.com/jasa-website-cimanggu-cilacap.html
.,(sitemap.xml),URL masih .html,https://buatwebsitemurah.com/jasa-website-cimanggu-sukabumi.html
.,(sitemap.xml),URL masih .html,https://buatwebsitemurah.com/jasa-website-cimaung-bandung.html
.,(sitemap.xml),URL masih .html,https://buatwebsitemurah.com/jasa-website-cimenyan-bandung.html
.,(sitemap.xml),URL masih .html,https://buatwebsitemurah.com/jasa-website-cinangka-serang.html
.,(sitemap.xml),URL masih .html,https://buatwebsitemurah.com/jasa-website-cinere-depok.html
.,(sitemap.xml),URL masih .html,https://buatwebsitemurah.com/jasa-website-cintapuri-darussalam-banjar.html
.,(sitemap.xml),URL masih .html,https://buatwebsitemurah.com/jasa-website-ciomas-bogor.html
.,(sitemap.xml),URL masih .html,https://buatwebsitemurah.com/jasa-website-ciomas-serang.html
.,(sitemap.xml),URL masih .html,https://buatwebsitemurah.com/jasa-website-ciparay-bandung.html
.,(sitemap.xml),URL masih .html,https://buatwebsitemurah.com/jasa-website-cipari-cilacap.html
.,(sitemap.xml),URL masih .html,https://buatwebsitemurah.com/jasa-website-cipayung-depok.html
.,(sitemap.xml),URL masih .html,https://buatwebsitemurah.com/jasa-website-ciputat-tangerang-selatan.html
.,(sitemap.xml),URL masih .html,https://buatwebsitemurah.com/jasa-website-ciputat-timur-tangerang-selatan.html
.,(sitemap.xml),URL masih .html,https://buatwebsitemurah.com/jasa-website-ciracap-sukabumi.html
.,(sitemap.xml),URL masih .html,https://buatwebsitemurah.com/jasa-website-cirebon.html
.,(sitemap.xml),URL masih .html,https://buatwebsitemurah.com/jasa-website-cireunghas-sukabumi.html
.,(sitemap.xml),URL masih .html,https://buatwebsitemurah.com/jasa-website-ciruas-serang.html
.,(sitemap.xml),URL masih .html,https://buatwebsitemurah.com/jasa-website-cisaat-sukabumi.html
.,(sitemap.xml),URL masih .html,https://buatwebsitemurah.com/jasa-website-cisarua-bogor.html
.,(sitemap.xml),URL masih .html,https://buatwebsitemurah.com/jasa-website-cisauk-tangerang.html
.,(sitemap.xml),URL masih .html,https://buatwebsitemurah.com/jasa-website-ciseeng-bogor.html
.,(sitemap.xml),URL masih .html,https://buatwebsitemurah.com/jasa-website-cisewu-garut.html
.,(sitemap.xml),URL masih .html,https://buatwebsitemurah.com/jasa-website-cisoka-tangerang.html
.,(sitemap.xml),URL masih .html,https://buatwebsitemurah.com/jasa-website-cisolok-sukabumi.html
.,(sitemap.xml),URL masih .html,https://buatwebsitemurah.com/jasa-website-cisompet-garut.html
.,(sitemap.xml),URL masih .html,https://buatwebsitemurah.com/jasa-website-cisurupan-garut.html
.,(sitemap.xml),URL masih .html,https://buatwebsitemurah.com/jasa-website-citeureup-bogor.html
.,(sitemap.xml),URL masih .html,https://buatwebsitemurah.com/jasa-website-ciwaringin-cirebon.html
.,(sitemap.xml),URL masih .html,https://buatwebsitemurah.com/jasa-website-ciwidey-bandung.html
.,(sitemap.xml),URL masih .html,https://buatwebsitemurah.com/jasa-website-cleaning.html
.,(sitemap.xml),URL masih .html,https://buatwebsitemurah.com/jasa-website-curug-tangerang.html
.,(sitemap.xml),URL masih .html,https://buatwebsitemurah.com/jasa-website-curugkembar-sukabumi.html
.,(sitemap.xml),URL masih .html,https://buatwebsitemurah.com/jasa-website-dampit-malang.html
.,(sitemap.xml),URL masih .html,https://buatwebsitemurah.com/jasa-website-dau-malang.html
.,(sitemap.xml),URL masih .html,https://buatwebsitemurah.com/jasa-website-dawarblandong-mojokerto.html
.,(sitemap.xml),URL masih .html,https://buatwebsitemurah.com/jasa-website-dayeuhkolot-bandung.html
.,(sitemap.xml),URL masih .html,https://buatwebsitemurah.com/jasa-website-dayeuhluhur-cilacap.html
.,(sitemap.xml),URL masih .html,https://buatwebsitemurah.com/jasa-website-delanggu-klaten.html
.,(sitemap.xml),URL masih .html,https://buatwebsitemurah.com/jasa-website-deli-serdang.html
.,(sitemap.xml),URL masih .html,https://buatwebsitemurah.com/jasa-website-deli-tua-deli-serdang.html
.,(sitemap.xml),URL masih .html,https://buatwebsitemurah.com/jasa-website-depok-cirebon.html
.,(sitemap.xml),URL masih .html,https://buatwebsitemurah.com/jasa-website-depok-sleman.html
.,(sitemap.xml),URL masih .html,https://buatwebsitemurah.com/jasa-website-depok.html
.,(sitemap.xml),URL masih .html,https://buatwebsitemurah.com/jasa-website-developer.html
.,(sitemap.xml),URL masih .html,https://buatwebsitemurah.com/jasa-website-dlanggu-mojokerto.html
.,(sitemap.xml),URL masih .html,https://buatwebsitemurah.com/jasa-website-dlingo-bantul.html
.,(sitemap.xml),URL masih .html,https://buatwebsitemurah.com/jasa-website-dokter-gigi.html
.,(sitemap.xml),URL masih .html,https://buatwebsitemurah.com/jasa-website-dokter-praktek.html
.,(sitemap.xml),URL masih .html,https://buatwebsitemurah.com/jasa-website-donomulyo-malang.html
.,(sitemap.xml),URL masih .html,https://buatwebsitemurah.com/jasa-website-dramaga-bogor.html
.,(sitemap.xml),URL masih .html,https://buatwebsitemurah.com/jasa-website-driyorejo-gresik.html
.,(sitemap.xml),URL masih .html,https://buatwebsitemurah.com/jasa-website-duduk-sampeyan-gresik.html
.,(sitemap.xml),URL masih .html,https://buatwebsitemurah.com/jasa-website-dukun-gresik.html
.,(sitemap.xml),URL masih .html,https://buatwebsitemurah.com/jasa-website-dukupuntang-cirebon.html
.,(sitemap.xml),URL masih .html,https://buatwebsitemurah.com/jasa-website-eo.html
.,(sitemap.xml),URL masih .html,https://buatwebsitemurah.com/jasa-website-florist.html
.,(sitemap.xml),URL masih .html,https://buatwebsitemurah.com/jasa-website-fotografer.html
.,(sitemap.xml),URL masih .html,https://buatwebsitemurah.com/jasa-website-furniture.html
.,(sitemap.xml),URL masih .html,https://buatwebsitemurah.com/jasa-website-galang-deli-serdang.html
.,(sitemap.xml),URL masih .html,https://buatwebsitemurah.com/jasa-website-gambut-banjar.html
.,(sitemap.xml),URL masih .html,https://buatwebsitemurah.com/jasa-website-game-center.html
.,(sitemap.xml),URL masih .html,https://buatwebsitemurah.com/jasa-website-gamping-sleman.html
.,(sitemap.xml),URL masih .html,https://buatwebsitemurah.com/jasa-website-gandrungmangu-cilacap.html
.,(sitemap.xml),URL masih .html,https://buatwebsitemurah.com/jasa-website-gantiwarno-klaten.html
.,(sitemap.xml),URL masih .html,https://buatwebsitemurah.com/jasa-website-garut-kota-garut.html
.,(sitemap.xml),URL masih .html,https://buatwebsitemurah.com/jasa-website-garut.html
.,(sitemap.xml),URL masih .html,https://buatwebsitemurah.com/jasa-website-gebang-cirebon.html
.,(sitemap.xml),URL masih .html,https://buatwebsitemurah.com/jasa-website-gedangan-malang.html
.,(sitemap.xml),URL masih .html,https://buatwebsitemurah.com/jasa-website-gedangan-sidoarjo.html
.,(sitemap.xml),URL masih .html,https://buatwebsitemurah.com/jasa-website-gedeg-mojokerto.html
.,(sitemap.xml),URL masih .html,https://buatwebsitemurah.com/jasa-website-gegerbitung-sukabumi.html
.,(sitemap.xml),URL masih .html,https://buatwebsitemurah.com/jasa-website-gegesik-cirebon.html
.,(sitemap.xml),URL masih .html,https://buatwebsitemurah.com/jasa-website-gempol-cirebon.html
.,(sitemap.xml),URL masih .html,https://buatwebsitemurah.com/jasa-website-gempol-pasuruan.html
.,(sitemap.xml),URL masih .html,https://buatwebsitemurah.com/jasa-website-gladagsari-boyolali.html
.,(sitemap.xml),URL masih .html,https://buatwebsitemurah.com/jasa-website-godean-sleman.html
.,(sitemap.xml),URL masih .html,https://buatwebsitemurah.com/jasa-website-gombong-kebumen.html
.,(sitemap.xml),URL masih .html,https://buatwebsitemurah.com/jasa-website-gondang-mojokerto.html
.,(sitemap.xml),URL masih .html,https://buatwebsitemurah.com/jasa-website-gondang-wetan-pasuruan.html
.,(sitemap.xml),URL masih .html,https://buatwebsitemurah.com/jasa-website-gondanglegi-malang.html
.,(sitemap.xml),URL masih .html,https://buatwebsitemurah.com/jasa-website-gowa.html
.,(sitemap.xml),URL masih .html,https://buatwebsitemurah.com/jasa-website-grati-pasuruan.html
.,(sitemap.xml),URL masih .html,https://buatwebsitemurah.com/jasa-website-greged-cirebon.html
.,(sitemap.xml),URL masih .html,https://buatwebsitemurah.com/jasa-website-gresik-gresik.html
.,(sitemap.xml),URL masih .html,https://buatwebsitemurah.com/jasa-website-gresik.html
.,(sitemap.xml),URL masih .html,https://buatwebsitemurah.com/jasa-website-gumelar-banyumas.html
.,(sitemap.xml),URL masih .html,https://buatwebsitemurah.com/jasa-website-gumukmas-jember.html
.,(sitemap.xml),URL masih .html,https://buatwebsitemurah.com/jasa-website-gunung-kaler-tangerang.html
.,(sitemap.xml),URL masih .html,https://buatwebsitemurah.com/jasa-website-gunung-meriah-deli-serdang.html
.,(sitemap.xml),URL masih .html,https://buatwebsitemurah.com/jasa-website-gunung-putri-bogor.html
.,(sitemap.xml),URL masih .html,https://buatwebsitemurah.com/jasa-website-gunung-sahilan-kampar.html
.,(sitemap.xml),URL masih .html,https://buatwebsitemurah.com/jasa-website-gunung-sari-serang.html
.,(sitemap.xml),URL masih .html,https://buatwebsitemurah.com/jasa-website-gunungguruh-sukabumi.html
.,(sitemap.xml),URL masih .html,https://buatwebsitemurah.com/jasa-website-gunungjati-cirebon.html
.,(sitemap.xml),URL masih .html,https://buatwebsitemurah.com/jasa-website-gunungsindur-bogor.html
.,(sitemap.xml),URL masih .html,https://buatwebsitemurah.com/jasa-website-gym.html
.,(sitemap.xml),URL masih .html,https://buatwebsitemurah.com/jasa-website-hamparan-perak-deli-serdang.html
.,(sitemap.xml),URL masih .html,https://buatwebsitemurah.com/jasa-website-hotel.html
.,(sitemap.xml),URL masih .html,https://buatwebsitemurah.com/jasa-website-ibun-bandung.html
.,(sitemap.xml),URL masih .html,https://buatwebsitemurah.com/jasa-website-imogiri-bantul.html
.,(sitemap.xml),URL masih .html,https://buatwebsitemurah.com/jasa-website-jabon-sidoarjo.html
.,(sitemap.xml),URL masih .html,https://buatwebsitemurah.com/jasa-website-jabung-malang.html
.,(sitemap.xml),URL masih .html,https://buatwebsitemurah.com/jasa-website-jambe-tangerang.html
.,(sitemap.xml),URL masih .html,https://buatwebsitemurah.com/jasa-website-jamblang-cirebon.html
.,(sitemap.xml),URL masih .html,https://buatwebsitemurah.com/jasa-website-jampang-kulon-sukabumi.html
.,(sitemap.xml),URL masih .html,https://buatwebsitemurah.com/jasa-website-jampang-tengah-sukabumi.html
.,(sitemap.xml),URL masih .html,https://buatwebsitemurah.com/jasa-website-jasinga-bogor.html
.,(sitemap.xml),URL masih .html,https://buatwebsitemurah.com/jasa-website-jatilawang-banyumas.html
.,(sitemap.xml),URL masih .html,https://buatwebsitemurah.com/jasa-website-jatinom-klaten.html
.,(sitemap.xml),URL masih .html,https://buatwebsitemurah.com/jasa-website-jatirejo-mojokerto.html
.,(sitemap.xml),URL masih .html,https://buatwebsitemurah.com/jasa-website-jatisari-karawang.html
.,(sitemap.xml),URL masih .html,https://buatwebsitemurah.com/jasa-website-jawilan-serang.html
.,(sitemap.xml),URL masih .html,https://buatwebsitemurah.com/jasa-website-jayakerta-karawang.html
.,(sitemap.xml),URL masih .html,https://buatwebsitemurah.com/jasa-website-jayanti-tangerang.html
.,(sitemap.xml),URL masih .html,https://buatwebsitemurah.com/jasa-website-jelbuk-jember.html
.,(sitemap.xml),URL masih .html,https://buatwebsitemurah.com/jasa-website-jember.html
.,(sitemap.xml),URL masih .html,https://buatwebsitemurah.com/jasa-website-jenggawah-jember.html
.,(sitemap.xml),URL masih .html,https://buatwebsitemurah.com/jasa-website-jeruklegi-cilacap.html
.,(sitemap.xml),URL masih .html,https://buatwebsitemurah.com/jasa-website-jetis-bantul.html
.,(sitemap.xml),URL masih .html,https://buatwebsitemurah.com/jasa-website-jetis-mojokerto.html
.,(sitemap.xml),URL masih .html,https://buatwebsitemurah.com/jasa-website-jogonalan-klaten.html
.,(sitemap.xml),URL masih .html,https://buatwebsitemurah.com/jasa-website-jombang-jember.html
.,(sitemap.xml),URL masih .html,https://buatwebsitemurah.com/jasa-website-jonggol-bogor.html
.,(sitemap.xml),URL masih .html,https://buatwebsitemurah.com/jasa-website-juwangi-boyolali.html
.,(sitemap.xml),URL masih .html,https://buatwebsitemurah.com/jasa-website-juwiring-klaten.html
.,(sitemap.xml),URL masih .html,https://buatwebsitemurah.com/jasa-website-kabandungan-sukabumi.html
.,(sitemap.xml),URL masih .html,https://buatwebsitemurah.com/jasa-website-kadudampit-sukabumi.html
.,(sitemap.xml),URL masih .html,https://buatwebsitemurah.com/jasa-website-kadungora-garut.html
.,(sitemap.xml),URL masih .html,https://buatwebsitemurah.com/jasa-website-kafe-kopi.html
.,(sitemap.xml),URL masih .html,https://buatwebsitemurah.com/jasa-website-kalapanunggal-sukabumi.html
.,(sitemap.xml),URL masih .html,https://buatwebsitemurah.com/jasa-website-kalasan-sleman.html
.,(sitemap.xml),URL masih .html,https://buatwebsitemurah.com/jasa-website-kalibagor-banyumas.html
.,(sitemap.xml),URL masih .html,https://buatwebsitemurah.com/jasa-website-kalibunder-sukabumi.html
.,(sitemap.xml),URL masih .html,https://buatwebsitemurah.com/jasa-website-kalikotes-klaten.html
.,(sitemap.xml),URL masih .html,https://buatwebsitemurah.com/jasa-website-kalipare-malang.html
.,(sitemap.xml),URL masih .html,https://buatwebsitemurah.com/jasa-website-kalisat-jember.html
.,(sitemap.xml),URL masih .html,https://buatwebsitemurah.com/jasa-website-kaliwates-jember.html
.,(sitemap.xml),URL masih .html,https://buatwebsitemurah.com/jasa-website-kaliwedi-cirebon.html
.,(sitemap.xml),URL masih .html,https://buatwebsitemurah.com/jasa-website-kampa-kampar.html
.,(sitemap.xml),URL masih .html,https://buatwebsitemurah.com/jasa-website-kampar-kampar.html
.,(sitemap.xml),URL masih .html,https://buatwebsitemurah.com/jasa-website-kampar-kiri-hilir-kampar.html
.,(sitemap.xml),URL masih .html,https://buatwebsitemurah.com/jasa-website-kampar-kiri-hulu-kampar.html
.,(sitemap.xml),URL masih .html,https://buatwebsitemurah.com/jasa-website-kampar-kiri-kampar.html
.,(sitemap.xml),URL masih .html,https://buatwebsitemurah.com/jasa-website-kampar-kiri-tengah-kampar.html
.,(sitemap.xml),URL masih .html,https://buatwebsitemurah.com/jasa-website-kampar-utara-kampar.html
.,(sitemap.xml),URL masih .html,https://buatwebsitemurah.com/jasa-website-kampar.html
.,(sitemap.xml),URL masih .html,https://buatwebsitemurah.com/jasa-website-kampung-laut-cilacap.html
.,(sitemap.xml),URL masih .html,https://buatwebsitemurah.com/jasa-website-kapetakan-cirebon.html
.,(sitemap.xml),URL masih .html,https://buatwebsitemurah.com/jasa-website-karang-intan-banjar.html
.,(sitemap.xml),URL masih .html,https://buatwebsitemurah.com/jasa-website-karanganom-klaten.html
.,(sitemap.xml),URL masih .html,https://buatwebsitemurah.com/jasa-website-karanganyar-kebumen.html
.,(sitemap.xml),URL masih .html,https://buatwebsitemurah.com/jasa-website-karangbahagia-bekasi.html
.,(sitemap.xml),URL masih .html,https://buatwebsitemurah.com/jasa-website-karangdowo-klaten.html
.,(sitemap.xml),URL masih .html,https://buatwebsitemurah.com/jasa-website-karanggayam-kebumen.html
.,(sitemap.xml),URL masih .html,https://buatwebsitemurah.com/jasa-website-karanggede-boyolali.html
.,(sitemap.xml),URL masih .html,https://buatwebsitemurah.com/jasa-website-karanglewas-banyumas.html
.,(sitemap.xml),URL masih .html,https://buatwebsitemurah.com/jasa-website-karangnongko-klaten.html
.,(sitemap.xml),URL masih .html,https://buatwebsitemurah.com/jasa-website-karangpawitan-garut.html
.,(sitemap.xml),URL masih .html,https://buatwebsitemurah.com/jasa-website-karangploso-malang.html
.,(sitemap.xml),URL masih .html,https://buatwebsitemurah.com/jasa-website-karangpucung-cilacap.html
.,(sitemap.xml),URL masih .html,https://buatwebsitemurah.com/jasa-website-karangsambung-kebumen.html
.,(sitemap.xml),URL masih .html,https://buatwebsitemurah.com/jasa-website-karangsembung-cirebon.html
.,(sitemap.xml),URL masih .html,https://buatwebsitemurah.com/jasa-website-karangtengah-garut.html
.,(sitemap.xml),URL masih .html,https://buatwebsitemurah.com/jasa-website-karangwareng-cirebon.html
.,(sitemap.xml),URL masih .html,https://buatwebsitemurah.com/jasa-website-karawang-barat-karawang.html
.,(sitemap.xml),URL masih .html,https://buatwebsitemurah.com/jasa-website-karawang-timur-karawang.html
.,(sitemap.xml),URL masih .html,https://buatwebsitemurah.com/jasa-website-karawang.html
.,(sitemap.xml),URL masih .html,https://buatwebsitemurah.com/jasa-website-kasembon-malang.html
.,(sitemap.xml),URL masih .html,https://buatwebsitemurah.com/jasa-website-kasihan-bantul.html
.,(sitemap.xml),URL masih .html,https://buatwebsitemurah.com/jasa-website-katapang-bandung.html
.,(sitemap.xml),URL masih .html,https://buatwebsitemurah.com/jasa-website-kawunganten-cilacap.html
.,(sitemap.xml),URL masih .html,https://buatwebsitemurah.com/jasa-website-kebasen-banyumas.html
.,(sitemap.xml),URL masih .html,https://buatwebsitemurah.com/jasa-website-kebomas-gresik.html
.,(sitemap.xml),URL masih .html,https://buatwebsitemurah.com/jasa-website-kebonarum-klaten.html
.,(sitemap.xml),URL masih .html,https://buatwebsitemurah.com/jasa-website-kebonpedes-sukabumi.html
.,(sitemap.xml),URL masih .html,https://buatwebsitemurah.com/jasa-website-kebumen-kebumen.html
.,(sitemap.xml),URL masih .html,https://buatwebsitemurah.com/jasa-website-kebumen.html
.,(sitemap.xml),URL masih .html,https://buatwebsitemurah.com/jasa-website-kedamean-gresik.html
.,(sitemap.xml),URL masih .html,https://buatwebsitemurah.com/jasa-website-kedawung-cirebon.html
.,(sitemap.xml),URL masih .html,https://buatwebsitemurah.com/jasa-website-kedung-banteng-banyumas.html
.,(sitemap.xml),URL masih .html,https://buatwebsitemurah.com/jasa-website-kedungreja-cilacap.html
.,(sitemap.xml),URL masih .html,https://buatwebsitemurah.com/jasa-website-kedungwaringin-bekasi.html
.,(sitemap.xml),URL masih .html,https://buatwebsitemurah.com/jasa-website-kejayan-pasuruan.html
.,(sitemap.xml),URL masih .html,https://buatwebsitemurah.com/jasa-website-kelapa-dua-tangerang.html
.,(sitemap.xml),URL masih .html,https://buatwebsitemurah.com/jasa-website-kemalang-klaten.html
.,(sitemap.xml),URL masih .html,https://buatwebsitemurah.com/jasa-website-kemang-bogor.html
.,(sitemap.xml),URL masih .html,https://buatwebsitemurah.com/jasa-website-kembang-janggut-kutai-kartanegara.html
.,(sitemap.xml),URL masih .html,https://buatwebsitemurah.com/jasa-website-kembaran-banyumas.html
.,(sitemap.xml),URL masih .html,https://buatwebsitemurah.com/jasa-website-kemiri-tangerang.html
.,(sitemap.xml),URL masih .html,https://buatwebsitemurah.com/jasa-website-kemlagi-mojokerto.html
.,(sitemap.xml),URL masih .html,https://buatwebsitemurah.com/jasa-website-kemranjen-banyumas.html
.,(sitemap.xml),URL masih .html,https://buatwebsitemurah.com/jasa-website-kemusu-boyolali.html
.,(sitemap.xml),URL masih .html,https://buatwebsitemurah.com/jasa-website-kencong-jember.html
.,(sitemap.xml),URL masih .html,https://buatwebsitemurah.com/jasa-website-kenohan-kutai-kartanegara.html
.,(sitemap.xml),URL masih .html,https://buatwebsitemurah.com/jasa-website-kepanjen-malang.html
.,(sitemap.xml),URL masih .html,https://buatwebsitemurah.com/jasa-website-kersamanah-garut.html
.,(sitemap.xml),URL masih .html,https://buatwebsitemurah.com/jasa-website-kertak-hanyar-banjar.html
.,(sitemap.xml),URL masih .html,https://buatwebsitemurah.com/jasa-website-kertasari-bandung.html
.,(sitemap.xml),URL masih .html,https://buatwebsitemurah.com/jasa-website-kesugihan-cilacap.html
.,(sitemap.xml),URL masih .html,https://buatwebsitemurah.com/jasa-website-kibin-serang.html
.,(sitemap.xml),URL masih .html,https://buatwebsitemurah.com/jasa-website-klangenan-cirebon.html
.,(sitemap.xml),URL masih .html,https://buatwebsitemurah.com/jasa-website-klapanunggal-bogor.html
.,(sitemap.xml),URL masih .html,https://buatwebsitemurah.com/jasa-website-klari-karawang.html
.,(sitemap.xml),URL masih .html,https://buatwebsitemurah.com/jasa-website-klaten-selatan-klaten.html
.,(sitemap.xml),URL masih .html,https://buatwebsitemurah.com/jasa-website-klaten-tengah-klaten.html
.,(sitemap.xml),URL masih .html,https://buatwebsitemurah.com/jasa-website-klaten-utara-klaten.html
.,(sitemap.xml),URL masih .html,https://buatwebsitemurah.com/jasa-website-klaten.html
.,(sitemap.xml),URL masih .html,https://buatwebsitemurah.com/jasa-website-klego-boyolali.html
.,(sitemap.xml),URL masih .html,https://buatwebsitemurah.com/jasa-website-klinik-gigi.html
.,(sitemap.xml),URL masih .html,https://buatwebsitemurah.com/jasa-website-klinik-kecantikan.html
.,(sitemap.xml),URL masih .html,https://buatwebsitemurah.com/jasa-website-klinik-umum.html
.,(sitemap.xml),URL masih .html,https://buatwebsitemurah.com/jasa-website-klirong-kebumen.html
.,(sitemap.xml),URL masih .html,https://buatwebsitemurah.com/jasa-website-kontraktor.html
.,(sitemap.xml),URL masih .html,https://buatwebsitemurah.com/jasa-website-konveksi.html
.,(sitemap.xml),URL masih .html,https://buatwebsitemurah.com/jasa-website-koperasi.html
.,(sitemap.xml),URL masih .html,https://buatwebsitemurah.com/jasa-website-kopo-serang.html
.,(sitemap.xml),URL masih .html,https://buatwebsitemurah.com/jasa-website-kosambi-tangerang.html
.,(sitemap.xml),URL masih .html,https://buatwebsitemurah.com/jasa-website-kosmetik.html
.,(sitemap.xml),URL masih .html,https://buatwebsitemurah.com/jasa-website-kost.html
.,(sitemap.xml),URL masih .html,https://buatwebsitemurah.com/jasa-website-kota-bangun-kutai-kartanegara.html
.,(sitemap.xml),URL masih .html,https://buatwebsitemurah.com/jasa-website-kotabaru-karawang.html
.,(sitemap.xml),URL masih .html,https://buatwebsitemurah.com/jasa-website-koto-kampar-hulu-kampar.html
.,(sitemap.xml),URL masih .html,https://buatwebsitemurah.com/jasa-website-kragilan-serang.html
.,(sitemap.xml),URL masih .html,https://buatwebsitemurah.com/jasa-website-kramatwatu-serang.html
.,(sitemap.xml),URL masih .html,https://buatwebsitemurah.com/jasa-website-kraton-pasuruan.html
.,(sitemap.xml),URL masih .html,https://buatwebsitemurah.com/jasa-website-krembung-sidoarjo.html
.,(sitemap.xml),URL masih .html,https://buatwebsitemurah.com/jasa-website-kresek-tangerang.html
.,(sitemap.xml),URL masih .html,https://buatwebsitemurah.com/jasa-website-kretek-bantul.html
.,(sitemap.xml),URL masih .html,https://buatwebsitemurah.com/jasa-website-krian-sidoarjo.html
.,(sitemap.xml),URL masih .html,https://buatwebsitemurah.com/jasa-website-kromengan-malang.html
.,(sitemap.xml),URL masih .html,https://buatwebsitemurah.com/jasa-website-kronjo-tangerang.html
.,(sitemap.xml),URL masih .html,https://buatwebsitemurah.com/jasa-website-kroya-cilacap.html
.,(sitemap.xml),URL masih .html,https://buatwebsitemurah.com/jasa-website-kuala-mandor-b-kubu-raya.html
.,(sitemap.xml),URL masih .html,https://buatwebsitemurah.com/jasa-website-kubu-kubu-raya.html
.,(sitemap.xml),URL masih .html,https://buatwebsitemurah.com/jasa-website-kubu-raya.html
.,(sitemap.xml),URL masih .html,https://buatwebsitemurah.com/jasa-website-kuok-kampar.html
.,(sitemap.xml),URL masih .html,https://buatwebsitemurah.com/jasa-website-kutai-kartanegara.html
.,(sitemap.xml),URL masih .html,https://buatwebsitemurah.com/jasa-website-kutalimbaru-deli-serdang.html
.,(sitemap.xml),URL masih .html,https://buatwebsitemurah.com/jasa-website-kutawaluya-karawang.html
.,(sitemap.xml),URL masih .html,https://buatwebsitemurah.com/jasa-website-kutawaringin-bandung.html
.,(sitemap.xml),URL masih .html,https://buatwebsitemurah.com/jasa-website-kutorejo-mojokerto.html
.,(sitemap.xml),URL masih .html,https://buatwebsitemurah.com/jasa-website-kutowinangun-kebumen.html
.,(sitemap.xml),URL masih .html,https://buatwebsitemurah.com/jasa-website-kuwarasan-kebumen.html
.,(sitemap.xml),URL masih .html,https://buatwebsitemurah.com/jasa-website-labuhan-deli-deli-serdang.html
.,(sitemap.xml),URL masih .html,https://buatwebsitemurah.com/jasa-website-laundry.html
.,(sitemap.xml),URL masih .html,https://buatwebsitemurah.com/jasa-website-lawang-malang.html
.,(sitemap.xml),URL masih .html,https://buatwebsitemurah.com/jasa-website-lebak-wangi-serang.html
.,(sitemap.xml),URL masih .html,https://buatwebsitemurah.com/jasa-website-ledokombo-jember.html
.,(sitemap.xml),URL masih .html,https://buatwebsitemurah.com/jasa-website-legok-tangerang.html
.,(sitemap.xml),URL masih .html,https://buatwebsitemurah.com/jasa-website-lekok-pasuruan.html
.,(sitemap.xml),URL masih .html,https://buatwebsitemurah.com/jasa-website-leles-garut.html
.,(sitemap.xml),URL masih .html,https://buatwebsitemurah.com/jasa-website-lemahabang-cirebon.html
.,(sitemap.xml),URL masih .html,https://buatwebsitemurah.com/jasa-website-lemahabang-karawang.html
.,(sitemap.xml),URL masih .html,https://buatwebsitemurah.com/jasa-website-lengkong-sukabumi.html
.,(sitemap.xml),URL masih .html,https://buatwebsitemurah.com/jasa-website-leuwigoong-garut.html
.,(sitemap.xml),URL masih .html,https://buatwebsitemurah.com/jasa-website-leuwiliang-bogor.html
.,(sitemap.xml),URL masih .html,https://buatwebsitemurah.com/jasa-website-leuwisadeng-bogor.html
.,(sitemap.xml),URL masih .html,https://buatwebsitemurah.com/jasa-website-limo-depok.html
.,(sitemap.xml),URL masih .html,https://buatwebsitemurah.com/jasa-website-loa-janan-kutai-kartanegara.html
.,(sitemap.xml),URL masih .html,https://buatwebsitemurah.com/jasa-website-loa-kulu-kutai-kartanegara.html
.,(sitemap.xml),URL masih .html,https://buatwebsitemurah.com/jasa-website-losari-cirebon.html
.,(sitemap.xml),URL masih .html,https://buatwebsitemurah.com/jasa-website-lubuk-pakam-deli-serdang.html
.,(sitemap.xml),URL masih .html,https://buatwebsitemurah.com/jasa-website-lumbang-pasuruan.html
.,(sitemap.xml),URL masih .html,https://buatwebsitemurah.com/jasa-website-lumbir-banyumas.html
.,(sitemap.xml),URL masih .html,https://buatwebsitemurah.com/jasa-website-majalaya-bandung.html
.,(sitemap.xml),URL masih .html,https://buatwebsitemurah.com/jasa-website-majalaya-karawang.html
.,(sitemap.xml),URL masih .html,https://buatwebsitemurah.com/jasa-website-majenang-cilacap.html
.,(sitemap.xml),URL masih .html,https://buatwebsitemurah.com/jasa-website-malang.html
.,(sitemap.xml),URL masih .html,https://buatwebsitemurah.com/jasa-website-malangbong-garut.html
.,(sitemap.xml),URL masih .html,https://buatwebsitemurah.com/jasa-website-mancak-serang.html
.,(sitemap.xml),URL masih .html,https://buatwebsitemurah.com/jasa-website-manisrenggo-klaten.html
.,(sitemap.xml),URL masih .html,https://buatwebsitemurah.com/jasa-website-manuju-gowa.html
.,(sitemap.xml),URL masih .html,https://buatwebsitemurah.com/jasa-website-manyar-gresik.html
.,(sitemap.xml),URL masih .html,https://buatwebsitemurah.com/jasa-website-maos-cilacap.html
.,(sitemap.xml),URL masih .html,https://buatwebsitemurah.com/jasa-website-marang-kayu-kutai-kartanegara.html
.,(sitemap.xml),URL masih .html,https://buatwebsitemurah.com/jasa-website-margaasih-bandung.html
.,(sitemap.xml),URL masih .html,https://buatwebsitemurah.com/jasa-website-margahayu-bandung.html
.,(sitemap.xml),URL masih .html,https://buatwebsitemurah.com/jasa-website-martapura-banjar.html
.,(sitemap.xml),URL masih .html,https://buatwebsitemurah.com/jasa-website-martapura-barat-banjar.html
.,(sitemap.xml),URL masih .html,https://buatwebsitemurah.com/jasa-website-martapura-timur-banjar.html
.,(sitemap.xml),URL masih .html,https://buatwebsitemurah.com/jasa-website-mataraman-banjar.html
.,(sitemap.xml),URL masih .html,https://buatwebsitemurah.com/jasa-website-mauk-tangerang.html
.,(sitemap.xml),URL masih .html,https://buatwebsitemurah.com/jasa-website-mayang-jember.html
.,(sitemap.xml),URL masih .html,https://buatwebsitemurah.com/jasa-website-megamendung-bogor.html
.,(sitemap.xml),URL masih .html,https://buatwebsitemurah.com/jasa-website-mekarbaru-tangerang.html
.,(sitemap.xml),URL masih .html,https://buatwebsitemurah.com/jasa-website-mekarmukti-garut.html
.,(sitemap.xml),URL masih .html,https://buatwebsitemurah.com/jasa-website-menganti-gresik.html
.,(sitemap.xml),URL masih .html,https://buatwebsitemurah.com/jasa-website-minggir-sleman.html
.,(sitemap.xml),URL masih .html,https://buatwebsitemurah.com/jasa-website-mirit-kebumen.html
.,(sitemap.xml),URL masih .html,https://buatwebsitemurah.com/jasa-website-mlati-sleman.html
.,(sitemap.xml),URL masih .html,https://buatwebsitemurah.com/jasa-website-mojoanyar-mojokerto.html
.,(sitemap.xml),URL masih .html,https://buatwebsitemurah.com/jasa-website-mojokerto.html
.,(sitemap.xml),URL masih .html,https://buatwebsitemurah.com/jasa-website-mojosari-mojokerto.html
.,(sitemap.xml),URL masih .html,https://buatwebsitemurah.com/jasa-website-mojosongo-boyolali.html
.,(sitemap.xml),URL masih .html,https://buatwebsitemurah.com/jasa-website-moyudan-sleman.html
.,(sitemap.xml),URL masih .html,https://buatwebsitemurah.com/jasa-website-muara-badak-kutai-kartanegara.html
.,(sitemap.xml),URL masih .html,https://buatwebsitemurah.com/jasa-website-muara-gembong-bekasi.html
.,(sitemap.xml),URL masih .html,https://buatwebsitemurah.com/jasa-website-muara-jawa-kutai-kartanegara.html
.,(sitemap.xml),URL masih .html,https://buatwebsitemurah.com/jasa-website-muara-kaman-kutai-kartanegara.html
.,(sitemap.xml),URL masih .html,https://buatwebsitemurah.com/jasa-website-muara-muntai-kutai-kartanegara.html
.,(sitemap.xml),URL masih .html,https://buatwebsitemurah.com/jasa-website-muara-wis-kutai-kartanegara.html
.,(sitemap.xml),URL masih .html,https://buatwebsitemurah.com/jasa-website-mumbulsari-jember.html
.,(sitemap.xml),URL masih .html,https://buatwebsitemurah.com/jasa-website-mundu-cirebon.html
.,(sitemap.xml),URL masih .html,https://buatwebsitemurah.com/jasa-website-musuk-boyolali.html
.,(sitemap.xml),URL masih .html,https://buatwebsitemurah.com/jasa-website-nagrak-sukabumi.html
.,(sitemap.xml),URL masih .html,https://buatwebsitemurah.com/jasa-website-nagreg-bandung.html
.,(sitemap.xml),URL masih .html,https://buatwebsitemurah.com/jasa-website-namorambe-deli-serdang.html
.,(sitemap.xml),URL masih .html,https://buatwebsitemurah.com/jasa-website-nanggung-bogor.html
.,(sitemap.xml),URL masih .html,https://buatwebsitemurah.com/jasa-website-ngaglik-sleman.html
.,(sitemap.xml),URL masih .html,https://buatwebsitemurah.com/jasa-website-ngajum-malang.html
.,(sitemap.xml),URL masih .html,https://buatwebsitemurah.com/jasa-website-ngantang-malang.html
.,(sitemap.xml),URL masih .html,https://buatwebsitemurah.com/jasa-website-ngawen-klaten.html
.,(sitemap.xml),URL masih .html,https://buatwebsitemurah.com/jasa-website-ngemplak-boyolali.html
.,(sitemap.xml),URL masih .html,https://buatwebsitemurah.com/jasa-website-ngemplak-sleman.html
.,(sitemap.xml),URL masih .html,https://buatwebsitemurah.com/jasa-website-ngoro-mojokerto.html
.,(sitemap.xml),URL masih .html,https://buatwebsitemurah.com/jasa-website-nguling-pasuruan.html
.,(sitemap.xml),URL masih .html,https://buatwebsitemurah.com/jasa-website-nogosari-boyolali.html
.,(sitemap.xml),URL masih .html,https://buatwebsitemurah.com/jasa-website-notaris.html
.,(sitemap.xml),URL masih .html,https://buatwebsitemurah.com/jasa-website-nusawungu-cilacap.html
.,(sitemap.xml),URL masih .html,https://buatwebsitemurah.com/jasa-website-nyalindung-sukabumi.html
.,(sitemap.xml),URL masih .html,https://buatwebsitemurah.com/jasa-website-pabedilan-cirebon.html
.,(sitemap.xml),URL masih .html,https://buatwebsitemurah.com/jasa-website-pabuaran-cirebon.html
.,(sitemap.xml),URL masih .html,https://buatwebsitemurah.com/jasa-website-pabuaran-serang.html
.,(sitemap.xml),URL masih .html,https://buatwebsitemurah.com/jasa-website-pabuaran-sukabumi.html
.,(sitemap.xml),URL masih .html,https://buatwebsitemurah.com/jasa-website-pacet-bandung.html
.,(sitemap.xml),URL masih .html,https://buatwebsitemurah.com/jasa-website-pacet-mojokerto.html
.,(sitemap.xml),URL masih .html,https://buatwebsitemurah.com/jasa-website-padarincang-serang.html
.,(sitemap.xml),URL masih .html,https://buatwebsitemurah.com/jasa-website-padureso-kebumen.html
.,(sitemap.xml),URL masih .html,https://buatwebsitemurah.com/jasa-website-pagak-malang.html
.,(sitemap.xml),URL masih .html,https://buatwebsitemurah.com/jasa-website-pagar-merbau-deli-serdang.html
.,(sitemap.xml),URL masih .html,https://buatwebsitemurah.com/jasa-website-pagedangan-tangerang.html
.,(sitemap.xml),URL masih .html,https://buatwebsitemurah.com/jasa-website-pagelaran-malang.html
.,(sitemap.xml),URL masih .html,https://buatwebsitemurah.com/jasa-website-pajangan-bantul.html
.,(sitemap.xml),URL masih .html,https://buatwebsitemurah.com/jasa-website-pakem-sleman.html
.,(sitemap.xml),URL masih .html,https://buatwebsitemurah.com/jasa-website-pakenjeng-garut.html
.,(sitemap.xml),URL masih .html,https://buatwebsitemurah.com/jasa-website-pakis-malang.html
.,(sitemap.xml),URL masih .html,https://buatwebsitemurah.com/jasa-website-pakisaji-malang.html
.,(sitemap.xml),URL masih .html,https://buatwebsitemurah.com/jasa-website-pakisjaya-karawang.html
.,(sitemap.xml),URL masih .html,https://buatwebsitemurah.com/jasa-website-pakuhaji-tangerang.html
.,(sitemap.xml),URL masih .html,https://buatwebsitemurah.com/jasa-website-pakusari-jember.html
.,(sitemap.xml),URL masih .html,https://buatwebsitemurah.com/jasa-website-palabuhanratu-sukabumi.html
.,(sitemap.xml),URL masih .html,https://buatwebsitemurah.com/jasa-website-palimanan-cirebon.html
.,(sitemap.xml),URL masih .html,https://buatwebsitemurah.com/jasa-website-pallangga-gowa.html
.,(sitemap.xml),URL masih .html,https://buatwebsitemurah.com/jasa-website-pamarayan-serang.html
.,(sitemap.xml),URL masih .html,https://buatwebsitemurah.com/jasa-website-pameungpeuk-bandung.html
.,(sitemap.xml),URL masih .html,https://buatwebsitemurah.com/jasa-website-pameungpeuk-garut.html
.,(sitemap.xml),URL masih .html,https://buatwebsitemurah.com/jasa-website-pamijahan-bogor.html
.,(sitemap.xml),URL masih .html,https://buatwebsitemurah.com/jasa-website-pamulang-tangerang-selatan.html
.,(sitemap.xml),URL masih .html,https://buatwebsitemurah.com/jasa-website-pamulihan-garut.html
.,(sitemap.xml),URL masih .html,https://buatwebsitemurah.com/jasa-website-panceng-gresik.html
.,(sitemap.xml),URL masih .html,https://buatwebsitemurah.com/jasa-website-pancoran-mas-depok.html
.,(sitemap.xml),URL masih .html,https://buatwebsitemurah.com/jasa-website-pancur-batu-deli-serdang.html
.,(sitemap.xml),URL masih .html,https://buatwebsitemurah.com/jasa-website-pandaan-pasuruan.html
.,(sitemap.xml),URL masih .html,https://buatwebsitemurah.com/jasa-website-pandak-bantul.html
.,(sitemap.xml),URL masih .html,https://buatwebsitemurah.com/jasa-website-pangalengan-bandung.html
.,(sitemap.xml),URL masih .html,https://buatwebsitemurah.com/jasa-website-pangatikan-garut.html
.,(sitemap.xml),URL masih .html,https://buatwebsitemurah.com/jasa-website-pangenan-cirebon.html
.,(sitemap.xml),URL masih .html,https://buatwebsitemurah.com/jasa-website-pangkalan-karawang.html
.,(sitemap.xml),URL masih .html,https://buatwebsitemurah.com/jasa-website-panguragan-cirebon.html
.,(sitemap.xml),URL masih .html,https://buatwebsitemurah.com/jasa-website-panongan-tangerang.html
.,(sitemap.xml),URL masih .html,https://buatwebsitemurah.com/jasa-website-pantai-labu-deli-serdang.html
.,(sitemap.xml),URL masih .html,https://buatwebsitemurah.com/jasa-website-panti-jember.html
.,(sitemap.xml),URL masih .html,https://buatwebsitemurah.com/jasa-website-parakansalak-sukabumi.html
.,(sitemap.xml),URL masih .html,https://buatwebsitemurah.com/jasa-website-paramasan-banjar.html
.,(sitemap.xml),URL masih .html,https://buatwebsitemurah.com/jasa-website-parangloe-gowa.html
.,(sitemap.xml),URL masih .html,https://buatwebsitemurah.com/jasa-website-parigi-gowa.html
.,(sitemap.xml),URL masih .html,https://buatwebsitemurah.com/jasa-website-parung-bogor.html
.,(sitemap.xml),URL masih .html,https://buatwebsitemurah.com/jasa-website-parung-panjang-bogor.html
.,(sitemap.xml),URL masih .html,https://buatwebsitemurah.com/jasa-website-parungkuda-sukabumi.html
.,(sitemap.xml),URL masih .html,https://buatwebsitemurah.com/jasa-website-pasaleman-cirebon.html
.,(sitemap.xml),URL masih .html,https://buatwebsitemurah.com/jasa-website-pasar-kemis-tangerang.html
.,(sitemap.xml),URL masih .html,https://buatwebsitemurah.com/jasa-website-paseh-bandung.html
.,(sitemap.xml),URL masih .html,https://buatwebsitemurah.com/jasa-website-pasirjambu-bandung.html
.,(sitemap.xml),URL masih .html,https://buatwebsitemurah.com/jasa-website-pasirwangi-garut.html
.,(sitemap.xml),URL masih .html,https://buatwebsitemurah.com/jasa-website-pasrepan-pasuruan.html
.,(sitemap.xml),URL masih .html,https://buatwebsitemurah.com/jasa-website-pasuruan.html
.,(sitemap.xml),URL masih .html,https://buatwebsitemurah.com/jasa-website-patikraja-banyumas.html
.,(sitemap.xml),URL masih .html,https://buatwebsitemurah.com/jasa-website-patimuan-cilacap.html
.,(sitemap.xml),URL masih .html,https://buatwebsitemurah.com/jasa-website-patrang-jember.html
.,(sitemap.xml),URL masih .html,https://buatwebsitemurah.com/jasa-website-pattallassang-gowa.html
.,(sitemap.xml),URL masih .html,https://buatwebsitemurah.com/jasa-website-patumbak-deli-serdang.html
.,(sitemap.xml),URL masih .html,https://buatwebsitemurah.com/jasa-website-pebayuran-bekasi.html
.,(sitemap.xml),URL masih .html,https://buatwebsitemurah.com/jasa-website-pedan-klaten.html
.,(sitemap.xml),URL masih .html,https://buatwebsitemurah.com/jasa-website-pedes-karawang.html
.,(sitemap.xml),URL masih .html,https://buatwebsitemurah.com/jasa-website-pejagoan-kebumen.html
.,(sitemap.xml),URL masih .html,https://buatwebsitemurah.com/jasa-website-pekuncen-banyumas.html
.,(sitemap.xml),URL masih .html,https://buatwebsitemurah.com/jasa-website-pengacara.html
.,(sitemap.xml),URL masih .html,https://buatwebsitemurah.com/jasa-website-pengaron-banjar.html
.,(sitemap.xml),URL masih .html,https://buatwebsitemurah.com/jasa-website-percetakan.html
.,(sitemap.xml),URL masih .html,https://buatwebsitemurah.com/jasa-website-percut-sei-tuan-deli-serdang.html
.,(sitemap.xml),URL masih .html,https://buatwebsitemurah.com/jasa-website-perhentian-raja-kampar.html
.,(sitemap.xml),URL masih .html,https://buatwebsitemurah.com/jasa-website-pesantren.html
.,(sitemap.xml),URL masih .html,https://buatwebsitemurah.com/jasa-website-petanahan-kebumen.html
.,(sitemap.xml),URL masih .html,https://buatwebsitemurah.com/jasa-website-petir-serang.html
.,(sitemap.xml),URL masih .html,https://buatwebsitemurah.com/jasa-website-petshop.html
.,(sitemap.xml),URL masih .html,https://buatwebsitemurah.com/jasa-website-peundeuy-garut.html
.,(sitemap.xml),URL masih .html,https://buatwebsitemurah.com/jasa-website-pindahan.html
.,(sitemap.xml),URL masih .html,https://buatwebsitemurah.com/jasa-website-piyungan-bantul.html
.,(sitemap.xml),URL masih .html,https://buatwebsitemurah.com/jasa-website-plered-cirebon.html
.,(sitemap.xml),URL masih .html,https://buatwebsitemurah.com/jasa-website-pleret-bantul.html
.,(sitemap.xml),URL masih .html,https://buatwebsitemurah.com/jasa-website-plumbon-cirebon.html
.,(sitemap.xml),URL masih .html,https://buatwebsitemurah.com/jasa-website-pohjentrek-pasuruan.html
.,(sitemap.xml),URL masih .html,https://buatwebsitemurah.com/jasa-website-polanharjo-klaten.html
.,(sitemap.xml),URL masih .html,https://buatwebsitemurah.com/jasa-website-poncokusumo-malang.html
.,(sitemap.xml),URL masih .html,https://buatwebsitemurah.com/jasa-website-poncowarno-kebumen.html
.,(sitemap.xml),URL masih .html,https://buatwebsitemurah.com/jasa-website-pondok-aren-tangerang-selatan.html
.,(sitemap.xml),URL masih .html,https://buatwebsitemurah.com/jasa-website-pontang-serang.html
.,(sitemap.xml),URL masih .html,https://buatwebsitemurah.com/jasa-website-porong-sidoarjo.html
.,(sitemap.xml),URL masih .html,https://buatwebsitemurah.com/jasa-website-prambanan-klaten.html
.,(sitemap.xml),URL masih .html,https://buatwebsitemurah.com/jasa-website-prambanan-sleman.html
.,(sitemap.xml),URL masih .html,https://buatwebsitemurah.com/jasa-website-prambon-sidoarjo.html
.,(sitemap.xml),URL masih .html,https://buatwebsitemurah.com/jasa-website-prembun-kebumen.html
.,(sitemap.xml),URL masih .html,https://buatwebsitemurah.com/jasa-website-prigen-pasuruan.html
.,(sitemap.xml),URL masih .html,https://buatwebsitemurah.com/jasa-website-properti.html
.,(sitemap.xml),URL masih .html,https://buatwebsitemurah.com/jasa-website-puger-jember.html
.,(sitemap.xml),URL masih .html,https://buatwebsitemurah.com/jasa-website-pujon-malang.html
.,(sitemap.xml),URL masih .html,https://buatwebsitemurah.com/jasa-website-pulo-ampel-serang.html
.,(sitemap.xml),URL masih .html,https://buatwebsitemurah.com/jasa-website-pundong-bantul.html
.,(sitemap.xml),URL masih .html,https://buatwebsitemurah.com/jasa-website-pungging-mojokerto.html
.,(sitemap.xml),URL masih .html,https://buatwebsitemurah.com/jasa-website-purabaya-sukabumi.html
.,(sitemap.xml),URL masih .html,https://buatwebsitemurah.com/jasa-website-puri-mojokerto.html
.,(sitemap.xml),URL masih .html,https://buatwebsitemurah.com/jasa-website-puring-kebumen.html
.,(sitemap.xml),URL masih .html,https://buatwebsitemurah.com/jasa-website-purwasari-karawang.html
.,(sitemap.xml),URL masih .html,https://buatwebsitemurah.com/jasa-website-purwodadi-pasuruan.html
.,(sitemap.xml),URL masih .html,https://buatwebsitemurah.com/jasa-website-purwojati-banyumas.html
.,(sitemap.xml),URL masih .html,https://buatwebsitemurah.com/jasa-website-purwokerto-barat-banyumas.html
.,(sitemap.xml),URL masih .html,https://buatwebsitemurah.com/jasa-website-purwokerto-selatan-banyumas.html
.,(sitemap.xml),URL masih .html,https://buatwebsitemurah.com/jasa-website-purwokerto-timur-banyumas.html
.,(sitemap.xml),URL masih .html,https://buatwebsitemurah.com/jasa-website-purwokerto-utara-banyumas.html
.,(sitemap.xml),URL masih .html,https://buatwebsitemurah.com/jasa-website-purwosari-pasuruan.html
.,(sitemap.xml),URL masih .html,https://buatwebsitemurah.com/jasa-website-puspo-pasuruan.html
.,(sitemap.xml),URL masih .html,https://buatwebsitemurah.com/jasa-website-rajeg-tangerang.html
.,(sitemap.xml),URL masih .html,https://buatwebsitemurah.com/jasa-website-rambipuji-jember.html
.,(sitemap.xml),URL masih .html,https://buatwebsitemurah.com/jasa-website-rancabali-bandung.html
.,(sitemap.xml),URL masih .html,https://buatwebsitemurah.com/jasa-website-rancabungur-bogor.html
.,(sitemap.xml),URL masih .html,https://buatwebsitemurah.com/jasa-website-rancaekek-bandung.html
.,(sitemap.xml),URL masih .html,https://buatwebsitemurah.com/jasa-website-rasau-jaya-kubu-raya.html
.,(sitemap.xml),URL masih .html,https://buatwebsitemurah.com/jasa-website-rawalo-banyumas.html
.,(sitemap.xml),URL masih .html,https://buatwebsitemurah.com/jasa-website-rawamerta-karawang.html
.,(sitemap.xml),URL masih .html,https://buatwebsitemurah.com/jasa-website-rejoso-pasuruan.html
.,(sitemap.xml),URL masih .html,https://buatwebsitemurah.com/jasa-website-rembang-pasuruan.html
.,(sitemap.xml),URL masih .html,https://buatwebsitemurah.com/jasa-website-rengasdengklok-karawang.html
.,(sitemap.xml),URL masih .html,https://buatwebsitemurah.com/jasa-website-renovasi.html
.,(sitemap.xml),URL masih .html,https://buatwebsitemurah.com/jasa-website-rental-mobil.html
.,(sitemap.xml),URL masih .html,https://buatwebsitemurah.com/jasa-website-restoran.html
.,(sitemap.xml),URL masih .html,https://buatwebsitemurah.com/jasa-website-rowokele-kebumen.html
.,(sitemap.xml),URL masih .html,https://buatwebsitemurah.com/jasa-website-rumbio-jaya-kampar.html
.,(sitemap.xml),URL masih .html,https://buatwebsitemurah.com/jasa-website-rumpin-bogor.html
.,(sitemap.xml),URL masih .html,https://buatwebsitemurah.com/jasa-website-sadang-kebumen.html
.,(sitemap.xml),URL masih .html,https://buatwebsitemurah.com/jasa-website-sagaranten-sukabumi.html
.,(sitemap.xml),URL masih .html,https://buatwebsitemurah.com/jasa-website-salo-kampar.html
.,(sitemap.xml),URL masih .html,https://buatwebsitemurah.com/jasa-website-salon.html
.,(sitemap.xml),URL masih .html,https://buatwebsitemurah.com/jasa-website-samarang-garut.html
.,(sitemap.xml),URL masih .html,https://buatwebsitemurah.com/jasa-website-sambi-boyolali.html
.,(sitemap.xml),URL masih .html,https://buatwebsitemurah.com/jasa-website-samboja-kutai-kartanegara.html
.,(sitemap.xml),URL masih .html,https://buatwebsitemurah.com/jasa-website-sambung-makmur-banjar.html
.,(sitemap.xml),URL masih .html,https://buatwebsitemurah.com/jasa-website-sampang-cilacap.html
.,(sitemap.xml),URL masih .html,https://buatwebsitemurah.com/jasa-website-sanden-bantul.html
.,(sitemap.xml),URL masih .html,https://buatwebsitemurah.com/jasa-website-sanga-sanga-kutai-kartanegara.html
.,(sitemap.xml),URL masih .html,https://buatwebsitemurah.com/jasa-website-sangkapura-gresik.html
.,(sitemap.xml),URL masih .html,https://buatwebsitemurah.com/jasa-website-sawangan-depok.html
.,(sitemap.xml),URL masih .html,https://buatwebsitemurah.com/jasa-website-sawit-boyolali.html
.,(sitemap.xml),URL masih .html,https://buatwebsitemurah.com/jasa-website-sebulu-kutai-kartanegara.html
.,(sitemap.xml),URL masih .html,https://buatwebsitemurah.com/jasa-website-sedati-sidoarjo.html
.,(sitemap.xml),URL masih .html,https://buatwebsitemurah.com/jasa-website-sedayu-bantul.html
.,(sitemap.xml),URL masih .html,https://buatwebsitemurah.com/jasa-website-sedong-cirebon.html
.,(sitemap.xml),URL masih .html,https://buatwebsitemurah.com/jasa-website-sedot-wc.html
.,(sitemap.xml),URL masih .html,https://buatwebsitemurah.com/jasa-website-sekolah.html
.,(sitemap.xml),URL masih .html,https://buatwebsitemurah.com/jasa-website-selaawi-garut.html
.,(sitemap.xml),URL masih .html,https://buatwebsitemurah.com/jasa-website-selo-boyolali.html
.,(sitemap.xml),URL masih .html,https://buatwebsitemurah.com/jasa-website-semboro-jember.html
.,(sitemap.xml),URL masih .html,https://buatwebsitemurah.com/jasa-website-sempor-kebumen.html
.,(sitemap.xml),URL masih .html,https://buatwebsitemurah.com/jasa-website-sepatan-tangerang.html
.,(sitemap.xml),URL masih .html,https://buatwebsitemurah.com/jasa-website-sepatan-timur-tangerang.html
.,(sitemap.xml),URL masih .html,https://buatwebsitemurah.com/jasa-website-serang-baru-bekasi.html
.,(sitemap.xml),URL masih .html,https://buatwebsitemurah.com/jasa-website-serang.html
.,(sitemap.xml),URL masih .html,https://buatwebsitemurah.com/jasa-website-serpong-tangerang-selatan.html
.,(sitemap.xml),URL masih .html,https://buatwebsitemurah.com/jasa-website-serpong-utara-tangerang-selatan.html
.,(sitemap.xml),URL masih .html,https://buatwebsitemurah.com/jasa-website-service-ac.html
.,(sitemap.xml),URL masih .html,https://buatwebsitemurah.com/jasa-website-setu-bekasi.html
.,(sitemap.xml),URL masih .html,https://buatwebsitemurah.com/jasa-website-setu-tangerang-selatan.html
.,(sitemap.xml),URL masih .html,https://buatwebsitemurah.com/jasa-website-sewon-bantul.html
.,(sitemap.xml),URL masih .html,https://buatwebsitemurah.com/jasa-website-seyegan-sleman.html
.,(sitemap.xml),URL masih .html,https://buatwebsitemurah.com/jasa-website-siak-hulu-kampar.html
.,(sitemap.xml),URL masih .html,https://buatwebsitemurah.com/jasa-website-sibiru-biru-deli-serdang.html
.,(sitemap.xml),URL masih .html,https://buatwebsitemurah.com/jasa-website-sibolangit-deli-serdang.html
.,(sitemap.xml),URL masih .html,https://buatwebsitemurah.com/jasa-website-sidareja-cilacap.html
.,(sitemap.xml),URL masih .html,https://buatwebsitemurah.com/jasa-website-sidayu-gresik.html
.,(sitemap.xml),URL masih .html,https://buatwebsitemurah.com/jasa-website-sidoarjo-sidoarjo.html
.,(sitemap.xml),URL masih .html,https://buatwebsitemurah.com/jasa-website-sidoarjo.html
.,(sitemap.xml),URL masih .html,https://buatwebsitemurah.com/jasa-website-silo-jember.html
.,(sitemap.xml),URL masih .html,https://buatwebsitemurah.com/jasa-website-simo-boyolali.html
.,(sitemap.xml),URL masih .html,https://buatwebsitemurah.com/jasa-website-simpang-empat-banjar.html
.,(sitemap.xml),URL masih .html,https://buatwebsitemurah.com/jasa-website-simpenan-sukabumi.html
.,(sitemap.xml),URL masih .html,https://buatwebsitemurah.com/jasa-website-sindang-jaya-tangerang.html
.,(sitemap.xml),URL masih .html,https://buatwebsitemurah.com/jasa-website-sinembah-tanjung-muda-hilir-deli-serdang.html
.,(sitemap.xml),URL masih .html,https://buatwebsitemurah.com/jasa-website-sinembah-tanjung-muda-hulu-deli-serdang.html
.,(sitemap.xml),URL masih .html,https://buatwebsitemurah.com/jasa-website-singajaya-garut.html
.,(sitemap.xml),URL masih .html,https://buatwebsitemurah.com/jasa-website-singosari-malang.html
.,(sitemap.xml),URL masih .html,https://buatwebsitemurah.com/jasa-website-sleman-sleman.html
.,(sitemap.xml),URL masih .html,https://buatwebsitemurah.com/jasa-website-sleman.html
.,(sitemap.xml),URL masih .html,https://buatwebsitemurah.com/jasa-website-sokaraja-banyumas.html
.,(sitemap.xml),URL masih .html,https://buatwebsitemurah.com/jasa-website-solear-tangerang.html
.,(sitemap.xml),URL masih .html,https://buatwebsitemurah.com/jasa-website-solokanjeruk-bandung.html
.,(sitemap.xml),URL masih .html,https://buatwebsitemurah.com/jasa-website-somagede-banyumas.html
.,(sitemap.xml),URL masih .html,https://buatwebsitemurah.com/jasa-website-somba-opu-gowa.html
.,(sitemap.xml),URL masih .html,https://buatwebsitemurah.com/jasa-website-sooko-mojokerto.html
.,(sitemap.xml),URL masih .html,https://buatwebsitemurah.com/jasa-website-soreang-bandung.html
.,(sitemap.xml),URL masih .html,https://buatwebsitemurah.com/jasa-website-sparepart.html
.,(sitemap.xml),URL masih .html,https://buatwebsitemurah.com/jasa-website-srandakan-bantul.html
.,(sitemap.xml),URL masih .html,https://buatwebsitemurah.com/jasa-website-sruweng-kebumen.html
.,(sitemap.xml),URL masih .html,https://buatwebsitemurah.com/jasa-website-studio-musik.html
.,(sitemap.xml),URL masih .html,https://buatwebsitemurah.com/jasa-website-sucinaraja-garut.html
.,(sitemap.xml),URL masih .html,https://buatwebsitemurah.com/jasa-website-sukabumi-sukabumi.html
.,(sitemap.xml),URL masih .html,https://buatwebsitemurah.com/jasa-website-sukabumi.html
.,(sitemap.xml),URL masih .html,https://buatwebsitemurah.com/jasa-website-sukadiri-tangerang.html
.,(sitemap.xml),URL masih .html,https://buatwebsitemurah.com/jasa-website-sukajaya-bogor.html
.,(sitemap.xml),URL masih .html,https://buatwebsitemurah.com/jasa-website-sukakarya-bekasi.html
.,(sitemap.xml),URL masih .html,https://buatwebsitemurah.com/jasa-website-sukalarang-sukabumi.html
.,(sitemap.xml),URL masih .html,https://buatwebsitemurah.com/jasa-website-sukamakmur-bogor.html
.,(sitemap.xml),URL masih .html,https://buatwebsitemurah.com/jasa-website-sukamulya-tangerang.html
.,(sitemap.xml),URL masih .html,https://buatwebsitemurah.com/jasa-website-sukaraja-bogor.html
.,(sitemap.xml),URL masih .html,https://buatwebsitemurah.com/jasa-website-sukaraja-sukabumi.html
.,(sitemap.xml),URL masih .html,https://buatwebsitemurah.com/jasa-website-sukaresmi-garut.html
.,(sitemap.xml),URL masih .html,https://buatwebsitemurah.com/jasa-website-sukatani-bekasi.html
.,(sitemap.xml),URL masih .html,https://buatwebsitemurah.com/jasa-website-sukawangi-bekasi.html
.,(sitemap.xml),URL masih .html,https://buatwebsitemurah.com/jasa-website-sukawening-garut.html
.,(sitemap.xml),URL masih .html,https://buatwebsitemurah.com/jasa-website-sukmajaya-depok.html
.,(sitemap.xml),URL masih .html,https://buatwebsitemurah.com/jasa-website-sukodono-sidoarjo.html
.,(sitemap.xml),URL masih .html,https://buatwebsitemurah.com/jasa-website-sukorambi-jember.html
.,(sitemap.xml),URL masih .html,https://buatwebsitemurah.com/jasa-website-sukorejo-pasuruan.html
.,(sitemap.xml),URL masih .html,https://buatwebsitemurah.com/jasa-website-sukowono-jember.html
.,(sitemap.xml),URL masih .html,https://buatwebsitemurah.com/jasa-website-sumbang-banyumas.html
.,(sitemap.xml),URL masih .html,https://buatwebsitemurah.com/jasa-website-sumber-cirebon.html
.,(sitemap.xml),URL masih .html,https://buatwebsitemurah.com/jasa-website-sumberbaru-jember.html
.,(sitemap.xml),URL masih .html,https://buatwebsitemurah.com/jasa-website-sumberjambe-jember.html
.,(sitemap.xml),URL masih .html,https://buatwebsitemurah.com/jasa-website-sumbermanjing-wetan-malang.html
.,(sitemap.xml),URL masih .html,https://buatwebsitemurah.com/jasa-website-sumberpucung-malang.html
.,(sitemap.xml),URL masih .html,https://buatwebsitemurah.com/jasa-website-sumbersari-jember.html
.,(sitemap.xml),URL masih .html,https://buatwebsitemurah.com/jasa-website-sumpiuh-banyumas.html
.,(sitemap.xml),URL masih .html,https://buatwebsitemurah.com/jasa-website-sungai-ambawang-kubu-raya.html
.,(sitemap.xml),URL masih .html,https://buatwebsitemurah.com/jasa-website-sungai-kakap-kubu-raya.html
.,(sitemap.xml),URL masih .html,https://buatwebsitemurah.com/jasa-website-sungai-pinang-banjar.html
.,(sitemap.xml),URL masih .html,https://buatwebsitemurah.com/jasa-website-sungai-raya-kubu-raya.html
.,(sitemap.xml),URL masih .html,https://buatwebsitemurah.com/jasa-website-sungai-tabuk-banjar.html
.,(sitemap.xml),URL masih .html,https://buatwebsitemurah.com/jasa-website-sunggal-deli-serdang.html
.,(sitemap.xml),URL masih .html,https://buatwebsitemurah.com/jasa-website-surade-sukabumi.html
.,(sitemap.xml),URL masih .html,https://buatwebsitemurah.com/jasa-website-suranenggala-cirebon.html
.,(sitemap.xml),URL masih .html,https://buatwebsitemurah.com/jasa-website-susukan-cirebon.html
.,(sitemap.xml),URL masih .html,https://buatwebsitemurah.com/jasa-website-susukanlebak-cirebon.html
.,(sitemap.xml),URL masih .html,https://buatwebsitemurah.com/jasa-website-tabang-kutai-kartanegara.html
.,(sitemap.xml),URL masih .html,https://buatwebsitemurah.com/jasa-website-tajinan-malang.html
.,(sitemap.xml),URL masih .html,https://buatwebsitemurah.com/jasa-website-tajurhalang-bogor.html
.,(sitemap.xml),URL masih .html,https://buatwebsitemurah.com/jasa-website-talagasari-karawang.html
.,(sitemap.xml),URL masih .html,https://buatwebsitemurah.com/jasa-website-talegong-garut.html
.,(sitemap.xml),URL masih .html,https://buatwebsitemurah.com/jasa-website-talun-cirebon.html
.,(sitemap.xml),URL masih .html,https://buatwebsitemurah.com/jasa-website-taman-sidoarjo.html
.,(sitemap.xml),URL masih .html,https://buatwebsitemurah.com/jasa-website-tamansari-bogor.html
.,(sitemap.xml),URL masih .html,https://buatwebsitemurah.com/jasa-website-tamansari-boyolali.html
.,(sitemap.xml),URL masih .html,https://buatwebsitemurah.com/jasa-website-tambak-banyumas.html
.,(sitemap.xml),URL masih .html,https://buatwebsitemurah.com/jasa-website-tambak-gresik.html
.,(sitemap.xml),URL masih .html,https://buatwebsitemurah.com/jasa-website-tambang-kampar.html
.,(sitemap.xml),URL masih .html,https://buatwebsitemurah.com/jasa-website-tambelang-bekasi.html
.,(sitemap.xml),URL masih .html,https://buatwebsitemurah.com/jasa-website-tambun-selatan-bekasi.html
.,(sitemap.xml),URL masih .html,https://buatwebsitemurah.com/jasa-website-tambun-utara-bekasi.html
.,(sitemap.xml),URL masih .html,https://buatwebsitemurah.com/jasa-website-tanara-serang.html
.,(sitemap.xml),URL masih .html,https://buatwebsitemurah.com/jasa-website-tangerang-selatan.html
.,(sitemap.xml),URL masih .html,https://buatwebsitemurah.com/jasa-website-tangerang.html
.,(sitemap.xml),URL masih .html,https://buatwebsitemurah.com/jasa-website-tanggul-jember.html
.,(sitemap.xml),URL masih .html,https://buatwebsitemurah.com/jasa-website-tanggulangin-sidoarjo.html
.,(sitemap.xml),URL masih .html,https://buatwebsitemurah.com/jasa-website-tanjung-morawa-deli-serdang.html
.,(sitemap.xml),URL masih .html,https://buatwebsitemurah.com/jasa-website-tanjungsari-bogor.html
.,(sitemap.xml),URL masih .html,https://buatwebsitemurah.com/jasa-website-tapos-depok.html
.,(sitemap.xml),URL masih .html,https://buatwebsitemurah.com/jasa-website-tapung-hilir-kampar.html
.,(sitemap.xml),URL masih .html,https://buatwebsitemurah.com/jasa-website-tapung-hulu-kampar.html
.,(sitemap.xml),URL masih .html,https://buatwebsitemurah.com/jasa-website-tapung-kampar.html
.,(sitemap.xml),URL masih .html,https://buatwebsitemurah.com/jasa-website-tarik-sidoarjo.html
.,(sitemap.xml),URL masih .html,https://buatwebsitemurah.com/jasa-website-tarogong-kaler-garut.html
.,(sitemap.xml),URL masih .html,https://buatwebsitemurah.com/jasa-website-tarogong-kidul-garut.html
.,(sitemap.xml),URL masih .html,https://buatwebsitemurah.com/jasa-website-tarumajaya-bekasi.html
.,(sitemap.xml),URL masih .html,https://buatwebsitemurah.com/jasa-website-tatah-makmur-banjar.html
.,(sitemap.xml),URL masih .html,https://buatwebsitemurah.com/jasa-website-tegalbuleud-sukabumi.html
.,(sitemap.xml),URL masih .html,https://buatwebsitemurah.com/jasa-website-tegalwaru-karawang.html
.,(sitemap.xml),URL masih .html,https://buatwebsitemurah.com/jasa-website-telaga-bauntung-banjar.html
.,(sitemap.xml),URL masih .html,https://buatwebsitemurah.com/jasa-website-teluk-pakedai-kubu-raya.html
.,(sitemap.xml),URL masih .html,https://buatwebsitemurah.com/jasa-website-telukjambe-barat-karawang.html
.,(sitemap.xml),URL masih .html,https://buatwebsitemurah.com/jasa-website-telukjambe-timur-karawang.html
.,(sitemap.xml),URL masih .html,https://buatwebsitemurah.com/jasa-website-teluknaga-tangerang.html
.,(sitemap.xml),URL masih .html,https://buatwebsitemurah.com/jasa-website-tempel-sleman.html
.,(sitemap.xml),URL masih .html,https://buatwebsitemurah.com/jasa-website-tempuran-karawang.html
.,(sitemap.xml),URL masih .html,https://buatwebsitemurah.com/jasa-website-tempurejo-jember.html
.,(sitemap.xml),URL masih .html,https://buatwebsitemurah.com/jasa-website-tengahtani-cirebon.html
.,(sitemap.xml),URL masih .html,https://buatwebsitemurah.com/jasa-website-tenggarong-kutai-kartanegara.html
.,(sitemap.xml),URL masih .html,https://buatwebsitemurah.com/jasa-website-tenggarong-seberang-kutai-kartanegara.html
.,(sitemap.xml),URL masih .html,https://buatwebsitemurah.com/jasa-website-tenjo-bogor.html
.,(sitemap.xml),URL masih .html,https://buatwebsitemurah.com/jasa-website-tenjolaya-bogor.html
.,(sitemap.xml),URL masih .html,https://buatwebsitemurah.com/jasa-website-teras-boyolali.html
.,(sitemap.xml),URL masih .html,https://buatwebsitemurah.com/jasa-website-terentang-kubu-raya.html
.,(sitemap.xml),URL masih .html,https://buatwebsitemurah.com/jasa-website-tigaraksa-tangerang.html
.,(sitemap.xml),URL masih .html,https://buatwebsitemurah.com/jasa-website-tinggimoncong-gowa.html
.,(sitemap.xml),URL masih .html,https://buatwebsitemurah.com/jasa-website-tirtajaya-karawang.html
.,(sitemap.xml),URL masih .html,https://buatwebsitemurah.com/jasa-website-tirtamulya-karawang.html
.,(sitemap.xml),URL masih .html,https://buatwebsitemurah.com/jasa-website-tirtayasa-serang.html
.,(sitemap.xml),URL masih .html,https://buatwebsitemurah.com/jasa-website-tirtoyudo-malang.html
.,(sitemap.xml),URL masih .html,https://buatwebsitemurah.com/jasa-website-toko-bangunan.html
.,(sitemap.xml),URL masih .html,https://buatwebsitemurah.com/jasa-website-toko-online.html
.,(sitemap.xml),URL masih .html,https://buatwebsitemurah.com/jasa-website-toko-sepeda.html
.,(sitemap.xml),URL masih .html,https://buatwebsitemurah.com/jasa-website-tombolo-pao-gowa.html
.,(sitemap.xml),URL masih .html,https://buatwebsitemurah.com/jasa-website-tompobulu-gowa.html
.,(sitemap.xml),URL masih .html,https://buatwebsitemurah.com/jasa-website-tosari-pasuruan.html
.,(sitemap.xml),URL masih .html,https://buatwebsitemurah.com/jasa-website-travel.html
.,(sitemap.xml),URL masih .html,https://buatwebsitemurah.com/jasa-website-trawas-mojokerto.html
.,(sitemap.xml),URL masih .html,https://buatwebsitemurah.com/jasa-website-trowulan-mojokerto.html
.,(sitemap.xml),URL masih .html,https://buatwebsitemurah.com/jasa-website-trucuk-klaten.html
.,(sitemap.xml),URL masih .html,https://buatwebsitemurah.com/jasa-website-tukang-bangunan.html
.,(sitemap.xml),URL masih .html,https://buatwebsitemurah.com/jasa-website-tukang-listrik.html
.,(sitemap.xml),URL masih .html,https://buatwebsitemurah.com/jasa-website-tulangan-sidoarjo.html
.,(sitemap.xml),URL masih .html,https://buatwebsitemurah.com/jasa-website-tulung-klaten.html
.,(sitemap.xml),URL masih .html,https://buatwebsitemurah.com/jasa-website-tumpang-malang.html
.,(sitemap.xml),URL masih .html,https://buatwebsitemurah.com/jasa-website-tunjungteja-serang.html
.,(sitemap.xml),URL masih .html,https://buatwebsitemurah.com/jasa-website-turen-malang.html
.,(sitemap.xml),URL masih .html,https://buatwebsitemurah.com/jasa-website-turi-sleman.html
.,(sitemap.xml),URL masih .html,https://buatwebsitemurah.com/jasa-website-tutur-pasuruan.html
.,(sitemap.xml),URL masih .html,https://buatwebsitemurah.com/jasa-website-ujung-pangkah-gresik.html
.,(sitemap.xml),URL masih .html,https://buatwebsitemurah.com/jasa-website-umbulsari-jember.html
.,(sitemap.xml),URL masih .html,https://buatwebsitemurah.com/jasa-website-wagir-malang.html
.,(sitemap.xml),URL masih .html,https://buatwebsitemurah.com/jasa-website-wajak-malang.html
.,(sitemap.xml),URL masih .html,https://buatwebsitemurah.com/jasa-website-waled-cirebon.html
.,(sitemap.xml),URL masih .html,https://buatwebsitemurah.com/jasa-website-waluran-sukabumi.html
.,(sitemap.xml),URL masih .html,https://buatwebsitemurah.com/jasa-website-wanaraja-garut.html
.,(sitemap.xml),URL masih .html,https://buatwebsitemurah.com/jasa-website-wanareja-cilacap.html
.,(sitemap.xml),URL masih .html,https://buatwebsitemurah.com/jasa-website-wangon-banyumas.html
.,(sitemap.xml),URL masih .html,https://buatwebsitemurah.com/jasa-website-waringinkurung-serang.html
.,(sitemap.xml),URL masih .html,https://buatwebsitemurah.com/jasa-website-waru-sidoarjo.html
.,(sitemap.xml),URL masih .html,https://buatwebsitemurah.com/jasa-website-warung-kiara-sukabumi.html
.,(sitemap.xml),URL masih .html,https://buatwebsitemurah.com/jasa-website-wedi-klaten.html
.,(sitemap.xml),URL masih .html,https://buatwebsitemurah.com/jasa-website-weru-cirebon.html
.,(sitemap.xml),URL masih .html,https://buatwebsitemurah.com/jasa-website-winongan-pasuruan.html
.,(sitemap.xml),URL masih .html,https://buatwebsitemurah.com/jasa-website-wonoayu-sidoarjo.html
.,(sitemap.xml),URL masih .html,https://buatwebsitemurah.com/jasa-website-wonorejo-pasuruan.html
.,(sitemap.xml),URL masih .html,https://buatwebsitemurah.com/jasa-website-wonosamodro-boyolali.html
.,(sitemap.xml),URL masih .html,https://buatwebsitemurah.com/jasa-website-wonosari-klaten.html
.,(sitemap.xml),URL masih .html,https://buatwebsitemurah.com/jasa-website-wonosari-malang.html
.,(sitemap.xml),URL masih .html,https://buatwebsitemurah.com/jasa-website-wonosegoro-boyolali.html
.,(sitemap.xml),URL masih .html,https://buatwebsitemurah.com/jasa-website-wringinanom-gresik.html
.,(sitemap.xml),URL masih .html,https://buatwebsitemurah.com/jasa-website-wuluhan-jember.html
.,(sitemap.xml),URL masih .html,https://buatwebsitemurah.com/jasa-website-xiii-koto-kampar-kampar.html
